n,bubble,insertion,merge,quick
5,2.4099950678646565e-06,1.6066691993425289e-06,4.523360015203556e-06,6.0433327841262025e-06
10,6.603335107987126e-06,3.83000005967915e-06,1.1736662903179726e-05,1.0373338591307402e-05
20,2.5393328784654537e-05,1.4639998941371838e-05,2.9916663576538363e-05,3.0623337564369044e-05
50,0.00017673999924833577,0.00010439000713328521,0.00012766333335700135,0.00011072999138074616
100,0.0006461166660301388,0.00027115666695560017,0.00013831999773780506,0.00011966332870845993
200,0.0017120966648993393,0.0008540766721125692,0.0003504666732624173,0.0002240766635319839
500,0.010171866678865627,0.005373826667588825,0.0010176299896556885,0.0008771233280034115
1000,0.045314629992935805,0.0222879866642567,0.001989093335578218,0.0016282566667844853
2000,0.1892513966692301,0.08934861333109438,0.004233516661527877,0.0034409533390620103
