trial,n,bst_insert_random_s,bst_height_random,bst_insert_best_s,bst_height_best,sortedset_insert_random_s,sortedset_insert_best_s,bst_remove_random_s,sortedset_remove_random_s,ternary_insert_random_s,ternary_height_random,ternary_insert_best_s,ternary_height_best,avl_insert_random_s,avl_height_random,avl_insert_best_s,avl_height_best
1,131071,0.16974209999898449,40,0.10483130000648089,17,0.10686709999572486,0.07537679999950342,0.22565310000209138,0.10182609999901615,0.18182979999983218,30,0.11642379999102559,11,1.0474857999943197,20,0.914430299992091,17
2,131071,0.19811199999821838,40,0.11105130000214558,17,0.11349950000294484,0.08620150000206195,0.24055499999667518,0.10941380000440404,0.194354100007331,28,0.12424109999847133,11,1.0270739999978105,20,0.8703394000040134,17
3,131071,0.17944120000174735,46,0.10842709999997169,17,0.11068320000777021,0.08794149999448564,0.24399139999877661,0.10585300000093412,0.18717950000427663,30,0.15429029999359045,11,1.00668439999572,20,0.8805169999977807,17
