n,1-pivot,2-pivot
10000,0.01208918666622291,0.007919463313495119
20000,0.02608041331016769,0.016552150016650558
30000,0.03965115669028212,0.0253560099673147
40000,0.05631071333773434,0.03480333331972361
50000,0.07474202999534706,0.04397253335143129
60000,0.09605486664610605,0.05698310664544503
70000,0.11256841997771214,0.06418523335208495
80000,0.12936067667324097,0.07478224997563908
90000,0.14698460667859764,0.08482829666851709
100000,0.17085348332766442,0.0959800133559232
